rating,lemmatized_review
4.0,sebenarnya ini bukan tempat wisata melainkan pemukiman penduduk tapi berhubung tembok rumahnya dicat warna warni dan posisinya yang menanjak cukup seru sih buat jalan kaki sambil ngobrol dwngan sohib atau pasangan foto foto di spot tertentu dan sampai ke puncaknya dijamin heh hoh kecuali rajin olahraga dan staminanya bagus amanlah menapaki jalanan di sana warga di sini sudah terbiasa dengan turis domestik yang berkunjung ke kampung pelangi jadi santai aja di sekitar kampung ini ada banyak toko tanaman dan bunga serta rangkaian bunga
4.0,kesini vibesnya mirip kampung di malang overall lumayan lah untuk datang kesini parkir juga gampang di pinggir toko toko bunga semoga sih tempatnya makin terawat ya biar makin nyaman jelajahnyaa
5.0,labirin tangga berwarna warni orang orang yang menyenangkan senang memberi anda petunjuk atau hanya senyum ramah pemandangan daerah yang menakjubkan dari atas banyak tempat untuk duduk dan beristirahat atau berfoto waktu kunjungan hari kerja waktu antrean tanpa mengantre lengkapnya
4.0,perumahan warga yg di cat warna warni perlu effort untuk naik ke puncak supaya dapat melihat kota semarang secara landscape nya tangganya curam rawan nyasar tapi terbayarkan kalau uda sampe atas
3.0,kampung pelangi sebenar nya bisa di jadikan destinasi wisata di pusat kota semarang hanya sayang sekarang sudah tdk di perhatikan lagi cat di rumah penduduk dan lokasi sdh pada pudar kebersihan area sekitar juga kurang di perhatikan
5.0,kampungnya keren dan bisa jadi percontohan bagi kampung yang lainnya warganya ramah ramah waktu kunjungan akhir pekan waktu antrean tanpa mengantre sebaiknya buat reservasi tidak lengkapnya
4.0,kalau ke semarang nggak mampir kesini rugi gak bisa membuktikan sendiri cari oleh disini
5.0,perumahan warga yang dicat dengan beragam warna tangga lumayan curam dan cukup lelah untuk bisa naik sampai atas pemandangan indah
5.0,bunganya bagus segar selain buket bunga asli juga ada artificial boneka juga ada
4.0,seni lumayan melihat rumah dicat warna warni
4.0,kampung pelangi adalah pemukiman warga biasa yang kemudian rumah rumahnya dicat warna warni agar tidak terlihat kumuh kita bisa foto foto disini dan butuh tenaga ekstra karena tangganya banyak warga sekitar ada yang jualan juga di bagian depan kampung banyak kios yang menjual bunga segar nyari tempat parkir agak susah masuknya gratis
3.0,tempatnya biasa saja hanya bagus jika dilihat dr jauh tp kl dilihat naik sampai atas tidak terlalu bagus kelihatannya jadi tidak perlu repot capek naik sampai atas sekali namun untuk melihat pemandangan dari tengah tepat di bawah tulisan kampoeng pelangi cukup menarik krn bisa lihat derajat parkiran agak susah krn terbatas di pinggir jalan
5.0,tempatnya bersih rapi nyaman orangnya asik ramah waktu kunjungan akhir pekan waktu antrean tanpa mengantre sebaiknya buat reservasi tidak lengkapnya
5.0,penasaran ama gardu pandangannya gara temen gowes ada yg posting photo disono akhirnya karena gak kuat naik ama tenteng sepeda sepeda dititipin di warung depan lalu naik wuih hebat penduduknya setiap hari naik turun seperti itu turunnya sih oke naiknya
1.0,dulu tempatnya berwarna terawat dan bagus banget sekarang ga terawat jelek jorok dan mengecewakan sekali sangat disayangkan tidak dirawat padahal tempatnya bagus untuk tempat nongkrong apalagi pa malam hari saran saya seharusnya dijadiin tempat makan dan tempat belanja ini kok malah florist semua sepanjang jalan
5.0,lucu menghibur tapi harus hati hati dengan anak tangganya bila datang sehabis hujan agak licin orangnya ramah kok tepat buat wisata dengan tempat unik
5.0,sangat berwarna penuh inspirasi untuk menyajikan sebuah pemukiman yang padat sehingga layak dipandang mata dengan bermodalkan cat yang berwarna warni kawasan ini menjadi berubah total sehingga menjadi tempat berswafoto bahkan sangat nyaman untuk mencuci mata anda di tengah hiruk pikik kota semarang cukup bermodalkan kaki dan dan tenaga anda akan di manja dengan pemandangan yang segar dan bervariasi warna untuk naik keatas anda tak perlu terburu buru karena pemdangan setiap rumah akan mangoda anda untuk berswa foto let get hunt
5.0,baru baru ini ada wisata di kota semarang yang benar benar hasil karya seni warga semarang yang semakin terkenal dan menarik para wisatawan untuk mengunjunginya tempat wisata yang baru itu adalah kampung pelangi semarang kampung pelangi semarang yang dibuat oleh warga semarang dengan konsep warna warni yang menambah satu lokasi sebagai wisata semarang yang lagi hit konsep ini terbilang bukanlah suatu konsep kampung yang baru sebelumnya telah ada konsep serupa seperti kampung pelangi di malang bandung lubuklinggau dan ambarawa tapi bagi warga semarang lokasi wisata seperti ini menjadi hal yang di kota semarang sehingga sangat menarik para wisatawan sekitar semarang atau dari luar semarang untuk berkunjung ke kampung pelangi ini karena lokasinya yang berada di pusat kota semarang menjadi salah satu daya tarik tersendiri bagi wisatawan untuk berkunjung ke kampung pelangi selain itu mudah dijangkau dengan angkutan umum taxi atau oje online ketika anda berkunjung ke kampung pelangi dari jauh sudah terlihat warna warni rumah yang memiliki cat berwarna warni dengan berbagai gambar dan tulisan yang menarik kampung pelangi di semarang ini termasuk baru karena dulunya kampung ini adalah deretan perkampungan yang bisa kumuh kampung pelangi ini dibangun atau dibentuk untuk mendukung pembangunan ulang pasar bunga kalisari yang berada tak jauh dari lokasi bentuk pasar yang sudah menarik akan kurang mendukung kalau kampung dibelakangnya masih terlihat kumuh dari pasar bunga kalisari ini hanya dibatasi oleh sungai untuk dapat mencapai kampung pelangi kampung pelangi berada di tengah kota semarang tepatnya di jalan dr soetomo kelurahan randusari kecamatan semarang selatan kota semarang rute atau jalur unuk mencapai lokasi ini cukuplah mudah bisa menggunakan jasa travel semarang jogja dari arah tugu muda menuju jalan dr soetomo arah r kariadi semarang kurang lebih meter jika sudah melihat dengan deretan penjual bunga di pasar kalisari yang berada dipinggir jalan disitulah lokasinya di belakang pasar kalisari karena lokasinya yang berada ditengah kota lokasinya sangat dekat dengan tempat wisata di semarang seperti tugu muda lawang sewu dan pusat oleh oleh pandanaran sehingga banyak wisatawan atau pelancong yang menyempatkan untuk mampir hanya untuk berfoto dan menikmati keindahan kampung pelangi ini untuk para wisatawan yang berkunjung ke kampung pelangi akan dikenai harga tiket masuk sebesar rp saja dengan biaya parkir sebesar rp murah bukan dengan biaya yang murah itu sudah bisa mengambil photo di lokasi kampung pelangi kayaknya cukup puas berfoto selfie karena lokasi kampung pelangi sangat instagramable untuk para muda mudi yang suka upload photo ke sosial medium
3.0,yang menjadi sasaran pengunjung biasanya menara pandang dibelakang makam jalan menuju ke atas menanjak gang dan gang yg lumayan cantik jalannya dilihat dr dekorasi cat sudah mulai pudar catnya agak kotor jalannya banyak warung kecil disetiap gang petunjuk jalan membantu dalam menunjukkan lokasi karena begitu banyak gang yang buntu jika lebih dirawat dan dibersihkan pasti akan lebih menarik kedepannya parkir di depan pasar bunga kemudian jalan kaki
5.0,lokasi sangat dekat dengan lawang sewu perkampungan bersih dan dapat melihat view kota semaranglg dari puncak namun kesan warna warnj nya kurang mungkin karna cat sudah luntur harapannya bisa di perbarui
4.0,satu area dgn warakkayu micro library dan tepian kafe dekat dengan kotanikmati liburan dekat dengan kota bisa sekaligus beli tanaman yg fresh bagus dari tokonya
5.0,ada jembatan sebagai ak masuk ke kampung pelangi semarang beberapa di antaranya memiliki hiasan berbeda ada yang memakai payung kain bola bola kecil sampai lampion warna warni yang jelas semuanya sangat cantik dan fotogenik jangan lupa berpose di tempat ini sebagai tanda kalau kamu sudah pernah memasuki kampung pelangi semarang
3.0,tempat wisata murah meriah hehe perkampungan yang di hias berwarna warni bak pelangi sedemikian rupa agar menarik orang orang untuk berkunjung sekedar untuk ber swafoto karena tempatnya yang unik penduduk sekitarnya pun sangat ramah kepada pengunjung rute untuk menuju ke menara nya cukup menanjak dan sangat melelahkan tapi bisa berhenti sesekali untuk berfoto di spot spot yang menarik tersedia juga kotak untuk pengunjung mengisi uang untuk perawatan atau peningkatan kampung pelangi sendiri tapi tidak diwajibkan se ikhlas nya saja
3.0,lokasi kampungnya tepat di belakang deretan kios pot dan bunga pada bagian selatan kampung jembatannya sudah diperbaiki dan dihias serta hiasannya lebih bagus daripada kampung sebelah utara namun kampung sebelah utara bisa dijadikan gardu pandang bagi pecinta gedung tinggi perkotaan
4.0,ke kampung ini sebenernya karena penasaran sebetulnya bagaimana suasana di kampung pelangi ini untuk tiket masuk tidak ada k gratis kalian juga bisa menemui spot foto yg telah disediakan oleh warga sana jangan lupa isi kotaknya untuk membantu biaya perawatannya yaa kalo misal haus atau lapar jangan khawatir disana lumayan banyak warung warga yg buka selayaknya kampung seutuhnya untuk tempat cukup luas selain itu penunjuk arah juga jelas warganya ramah ramah saya kesana sendiri dan mereka juga membantu saya menemukan spot foto oiya karena penasaran sebetulnya puncaknya yg ada tulisan kampung pelangi itu kayak gimana saya kesana walaupun agak panas dan ternyata itu pemakaman hahahaha tapi tenang disekitaran situ ada spot fotonya kok jadi kalian tetep bisa foto foto
4.0,saat ini sedang ada pembangunan di jembatannya perjalanan menuju puncaknya kampung pelangi lumayan utk latihan naik gunung harus sabar untuk bisa sampai puncak karena melewati banyak anak tangga
5.0,sangat baik dan sangat lah sederhana tapi menyenangkan anda dapat berkunjung dengan teman pacar anda kesini
5.0,sangat indah melihat pemandangan dari titik tertinggi kampung pelangi kita bisa melihat kota semarang dari ketinggian laut dan gunung dapat kita saksikan bersamaan bersamakeindahan kota semarang jangan lupa beli dagangan warga untuk membantu mereka
5.0,kampung pelangi menjadi salah satu icon wisata kota semarang lokasinya yang strategis dan mudah dijangkau baik oleh kendaraan umum ataupun kendaraan pribadi menjadi daya tarik sendiri bagi para wisatawan kampung pelangi awalnya adalah perkampungan yang kumuh yang kemudian disulap oleh warganya sendiri dengan mengecat setiap rumah dengan cat warna warni konsep seperti ini juga ada di malang untuk bisa sampai di sini kita bisa parkir kendaraan di depan toko bunga kemudian menyebrangi jembatan yg juga sudah disulap menjadi cantik
5.0,kampung pelangi merupakan kampung kreasi yang memuat berbagai mural didinding rumah rumah yang ada didalam kampung tersebut dikampung ini juga disediakan warung warung untuk para pengunjung yang melepas lelah setelah mendaki jalan menanjak dan berkeliling di kampung pelangi ini tersedia juga toilet umum yang bersih serta mushola mungil letsguide letsguides localguidesconnect googlelocalguides jakartalocalguides bogorlocalguides cirebonlocalguides malanglocalguides batulocalguides bandunglocalguides yogyalocalguides indonesialocalguides googlemaps wisatayogya wisataseniyogya
5.0,kampung yang dulunya kumuh sekarang jadi bersih asri di sungai ada ikannya banyak kampung ini berbeda dengan di malang lebih ke nanjak seperti naik gunung kampunya asri bersih nyaman
5.0,dulu kawasan ini adalah kawasan kumuh padat penduduk tapi berkat goresan cat warna warni bisa menjadi kampung yang lebih cantik foto ini diambil sekitar jam siang udah kek orang gila deh muter muter kampung pelangi di tengah hari sendirian mataharinya berasa nempel di rambut tapi keramahan warga kampung pelangi bisa membuat saya seperti ditemani banyak orang sampe mau ditawari makan coba mungkin gegara liat muka yg kek gembel ini kali ya wkwk
4.0,ini sebenernya cuma pemukiman dataran tinggi yang dikemas secara kreatif sih ngga nyaranin buat orang hamil kesini karna tangganya curam dan licin petunjuk arah ada dimana mana tapi ya ttp bingung karna masuk masuk gang sempit gitu si dari sini bisa liat bangunan kota semaranggg di depan kampung pelangi banyak toko bunga juga
3.0,kampung pelangi sebenarnya tidak ada yang begitu istimewah ditempat ini terdiri dari rumah rumah warga yang di cat dengan berupa warna dan sebelum masuk ke area rumah warga kamu akan menemukan banyak penjual bunga di sepanjang jalan nah gax ada salahnya kamu beli bunga yang kamu suka terlebih dulu sebelum masuk setangkai hanya ribu rupiah bisa buat kamu pakai menjadi properti untuk mendapatkan foto foto cantik dan selfie ala ala kid jaman tidak ada biaya masuk dan kamu harus benar benar bisa mencari spot foto yang bagus agar mendapatkan hasil yang bagus semakin menanjak ke rumah warga yang berada di atas akan semakin bagus pula view yang akan kamu lihat terutama langit semarang yang selalu biru akan menjadi objek foto yang begitu mengagumkan bisa di cek pada foto foto yang saya ambil ya oyah tempat ini tidak jauh dari pusat kota semarang kalo lagi ke semarang sempatkan untuk mampir ya
4.0,lumayan melelahkan dan capek juga ya menuju k menara ini mana pa pergi tadi siang panas menyengat belum lagi naik turun tangga yang tinggiiiii bangetz tapi gpp lah enggaknya sudah wisata lagi yg sudah di jelajahi semarang ini tapi sayang ya spot fotonya cuma itu ja cuma pemandangan liat dari bawah tulisan wrn warni itu gk ada yg lain pdhl pa browsing internet ig orng sebelumnya banyak bangetz spot fotonya ehh sekali kita datengi kali ini sudah tak ada lagi ktnya yg gk tauu ajjee kali yaaa dimana dimana letak lokasinya itu truss juga wrn catnya udah pada pudarrr jd tak begitu bewarna lagi lah warna cerahnya ituuuu tapi gpp lah seenggaknya suddah pernah menginjakkan kaki juga sinniii
4.0,capekk tracking nya menanjak banget tidak dianjurkan membawa orang tua kesini kasihan menurut warga sekitar sih ini dlu kampung biasa yg di cat biar menarik tempatnya bersih dan warganya sangat ramah biaya masuknya sukarela salah satu destinasi yg mungkin harus di datangi kalo ke semarang
4.0,desa yg keren dan dgn konsep yg unik bisa menarik wisatawan dgn rangkaian cat rumahnya yg beragam capek krn naik tangga terbayarkan dg pemandangan di atasnya ngabisin waktu bersama teman dan keluarga cocok banget di sini
4.0,terakhir kesana karena tugas hehe tempatnya bagus sih cuman perlu perawatan lagi karena ada beberapa cat yang luntur kalo kebersihannya bersih kok gak kumuh ohiya karena perkampungan itu letaknya diperbukitan jadi jalanannya naik turun tip kalo mau kesana gunakan sepatu yg nyaman yaaaaa kalo mau bawa makan minum sendiri boleh atau mau beli disana banyak warung dan harganya standar kok ga mahal tiket masuk pun gakada hanya dipungut biaya parkir dan ada kotak untuk biaya perawatan suka rela satu lagi hahaha kalo mau naik ke atas nanti bisa nemu salah satu spot yg digambar aku di salah satu rumah warga di atas yg punya uda tua nenek dan kakek dipungut biaya bisa foto sepuasnya ada beberapa properti juga dah itu dulu aja hehehe
5.0,tiket masuk ke tempat ini adalah rp dan pengunjung akan mendapatkan souvenir kerajinan tangan dari warga lokal jika kamu banyakan atau rombongan ke tempat ini tidak tiap orang akan dikenakan biaya masuk saya ke tempat ini orang dan hanya perlu bayar rp tempat ini cocok untuk melihat sunset karena lokasi kampungnya berada seperti di perbukitan yang punya view menghadap kota semarang semoga fasilitas dan daya tariknya tetap terawat
5.0,perkampungan yang rumah rumah warganya dicat diwarnai dan dihias sebagus mungkin kali nya pun bersih posisi perkampungannya yang sedikit menanjak menjadikan daya tarik tersendiri untuk menjadikan objek fotografi sangat cocok bagi teman teman semua yang ingin mengambil foto untuk memenuhi feed instagram kalian
4.0,rumah yang berwarna warni yang jarang langka di kampung lainnya semarangnguter pramudya bintang w
4.0,bingung waktu pemesanan mbl online menuju kampung pelangi karena ada tempat tp yg akan saya datangi berada di jln dr sutomo randusari kec semarang selatan kota semarang kampung pelangi berada di belakang pasar kembang kalisari warna cat yg serasi menjadikan kampung wonosari menjadi tempat yg cuantiq utk ber wisata
4.0,catnya kurang bagus tidak ada teknik pengecatan sehingga sudah pada pudar tidak sebagus punya malang disini juga terlihat monoton dan tidak ada keunikannya disarankan untuk lansia agar tidak kesini karena areanya terus nanjak di jalan kecil dan sangat licin jika musim hujan
4.0,kawasan kampung di mana setiap rumahnya dicat warna warni dari bagian bawah hingga menjulang ke atas dijadikan kawasan wisata ada beberapa spot selfie untuk berfoto foto membayar tiket masuk bila ingin menjelajah hingga atas di bagian depannya banyak kios kios yang berjualan bunga
4.0,saat kesana siang sepi bebas foto spot foto nya jg banyak pinter ngambil gambar dan kamera yang mendukung ada spot foto yang bayar seikhlasnya tapi gambar nya bagus ga nyesel kalo bayar boleh dicoba wisata hit semarang ini
5.0,love place much kamu tidak perlu membayar apapun disana kecuali parkir sii hehe akan kalian temui warga yang ramah serta mata yang akan dimanja dengan warna warni yang ditawarkan disana kamu bisa ambil moment selfie sepuasmu segala sudutnya merupakan spot foto yang bagus jangan lewatkan untuk naik ke atas itu pengalaman paling menyenangkan
4.0,treknya lumayan banget sih masuk ke gang kecil gitu dan agak tinggi banget jadi harus hati tapi warga sekitar ramah banget dan enaknya sih kesini agak sore biar ga panas banget
5.0,harga terjangkau start k untuk fresh flower waktu kunjungan hari kerja waktu antrean tanpa mengantre sebaiknya buat reservasi tidak lengkapnya
4.0,hanya seperti kampung pada umumnya cuma ya dicat warna warni tangga naiknya lumayan tinggi tinggi awalnya bingung tentang parkir karena di depan jalan ada seperti ruko pasar free ga bayar cuma ya jangan berisik karena beneran cuma jalan kecil tanggak setapak di antara rumah rumah warga
4.0,not bad hati hati karena tangga jalanya curam lumayan untuk jalan jalan sekedar menghabiskan waktu daripada menunggu kereta di stasiun semarang hanya sekitar dari tugu muda dan min ride ke stasiun tawang
4.0,small park main street city dekat dengan lapangan olah raga tri lomba juang kampus sekolah perkantoran dan pertokoan taman kecil yang asri dan sejuk dulu pernah difungsikan sebagai spbu yang sangat ramai rapi dan bersih dulu sebelum covid menyerang taman ini ramai oleh anak anak mahasiswa menjadi tujuan melepas penat mahasiswa unisbank saat menanti jam perkuliahan lokasi berada di titik temu lima persimpangan jalan thamrin jalan pandanaran dan jalan mugas
5.0,taman di tengah kota semarang di jln pandanaran ada patung ikonik warag ngendog hewan mitos yang melambangkan kerukunan masyarakat semarang yg berasal dari berbagai suku diantaranya jawa tionghoa dan arab
5.0,sebuah penyegaran di tengah kota tidak begitu besar tapi cukup nyaman dengan adanya bangku keran minum steril dan toilet semoga selalu dirawat agar sealu bisa menjadi tempat hijau yang segar
3.0,taman pandanaran luasnya sebenarnya tergolong kecil tapi lokasinya strategis di jln pandanaran dan fungsinya sangat bermanfaat pagi ini pa saya joging ada sekelompok ibu ibu yang lagi senam aerobik dengan iringan musik yg energik dan penuh semangat taman juga terawat bersih walau di salah satu sudut ada gelandang yg tertidur disitu
5.0,taman di tengah kota semarang bersih dan terawat
5.0,taman yg asri membuat kota lumpia semakin cantik
5.0,taman yg menonjolkan icon kota smg tercinta warak ngendog nyaman buat istrht ada bangku dan teduh
5.0,posisi ditengah kota pemandangan bagus
5.0,taman kecil yanv cukup bersih dan terawat dan ada fasilitas air siap minumnya
5.0,lokasinya tepat di jantung kota semarang cocok untuk acara kumpul komunitas cocok untuk yang hobi fotografi parkir bisa di depan kampus unisbank lokasinya berseberangan langsung dengan kfc pandanaran banyak pohon peneduh yang bisa dimanfaatkan untuk bernaung di kala terik di dekat taman juga terdapat supermarket banyak warga semarang yanh menghabiskan waktu dan berteduh di taman ini di siang hari biasanya rame di sore hari sayang di beberapa bagian taman berbau pesing kran air siap minum juga tidak berfungsi
4.0,taman untuk berkumpul bersama keluarga berada di pusat kota semarang icon yang di tampilkan adalah patung wara ngendon sebagai salah satu simbol khas kota semarang selain itu ada kolam hiasan yang dilengkapi dengan air mancur dan ada taman yang disebutkan oleh tanaman bunga
4.0,nggak begitu ramai orang disini namun bising kendaraan memang iya krn sebelahnya traffic light harap hati saat menyeberang krn jarang kendaaraan yg pelan agak lama mau nyeberang ke taman waspada ta dan barang bawaan anda ada toilet tetapi entah rusak atau tdk ada air minum siap minum tp krannya rusak semua
5.0,taman pandanaran tempat terbaik untuk berkumpul dengan keluarga maupun teman teman tempatnya sejuk ditengah area perkotaan bersih karena setiap pagi selalu dibersihkan oleh petugas
5.0,tempat ini tempat kenangan tapi dulu pa belum jadi taman hehehe taman jadi pa udah selesai kuliahnya hehehe enak kali ya kalo pa dulu masih kuliah udah ada ini taman jadi nongki nya gak dipinggir jalan hahahahaha dateng lagi kesini pa udah punya baby dulu masih pacaran sekarang sudah bawa buntut nyaman adem disini siang pun gak panas banget apalagi ada patung warak ngendok besar anak anak jadi tertarik
3.0,taman yg ada patung waraknya yg mrpk ikon semarang sayang saat itu sampahnya banyak mungkin karena belum diangkut
5.0,taman di tengah kota semarang yang dulunya spbu sekarang menjadi taman yang menjadi ikon kota semarang berdiri megah patung warak di depan persis unisbank dan perkantoran serta dekat dengan gelora tri lomba juang sayang kolam di taman ini tampak kotor dan tidak berfungsi taman juga tampak kotor sayang kalau pemerintah tidak memperhatikannya percuma kalau di buat tapi tidak di rawat
5.0,taman pandanaran memiliki sebuah patung yang melambangkan kota semarang yaitu patung berkepala naga dan berbadan kambing konon itu adalah gambaran penduduk kota semarang secara umum yaitu banyaknya orang jawa digambarkan dengan kambing dan juga banyaknya orang china yang di gambarkan dengan kepala naga
5.0,bersih ada tambal ban murah dekat taman
5.0,taman tengah kota nih ada ikon warak ngendok lumayan bersih tempatnya asik buat nongkrong deket kfc sama kampus unisbank buat main skateboard juga bisa ada tempat parkir motornya pagi dan malam lumayan rame buat nongkrong
4.0,taman kota di tengah kota ada sebagian lokasi untuk tempat parkir motor dan mobil suasana nyaman asri ada tempat sampah ada juga tempat air langsung minum cocok untuk sekedar refresh buat keluarga ada air mancur
5.0,lumayan bersih dan nyaman untuk sekedar duduk duduk setelah jalan jalan pagi di sepanjang jalan pandanaran hingga simpang lima
3.0,taman cukup rindang tetapi fasilitasnya rusak sayang euy udah dibiayai sama pendapatan daerah tapi zong setau saya taman taman di smg disediakan wifii gratis tapi di taman ini tidak ada wifii nya dan sering kalau pagi kursi dijadikan tempat tidur beberapa orang sofar yg lainnya ok sih kamar mandi ada tapi nda berani coba hehe sofar semarang bayak berubah dari smg yg dulu membuat sesuatu itu mudah karena ada uang tetapi mempertahankan dan memelihara nya lah yg perlu effort tinggi salam semarang kota atlas dan semarang hebat
5.0,keren udh ada air siap minum buat yg dateng dr jauh pa kehabisan air minum lgsung b ambil di taman ini bersih buat nongkrong jg enak buat kumpul sama tmn atau komunitas jg nyaman bgt deket sama swalayan ga susah cari makanan atau minuman
4.0,taman pandanaran terletak di pusat kota dekat simpang lima kota semarang dgn icon patung warak ngendog warak ngendog adalah penggambaran gabungan dari tiga hewan yaitu naga kambing dan buroq lambang pemersatu tiga etnis utama yang mendiami kota semarang yakni tionghoa jawa dan arab taman yg asri dan tertata ditengah kota ini nyaman untuk waktu pagi dan sore hari krn sdh dilengkapi air mancur bangku tempat duduk dan area yg cukup luas untuk bermain dan setelah jogging istirahat disini wow mantap
4.0,taman pandanaran adalah taman yang indah berada di kota semarang selatan taman ini juga terdapat patung icon khas semarang yaitu patung warak ngendog yang mana dalam patung ini memiliki nilai budaya yang aneka ragam sesuai dengan kota semarang yang penduduknya budaya plural sayangnya jalan pandanaran selalu macet parah membuat ak sedikit lambat
5.0,dulu sebelum jadi taman tempat ini adalah spbu dan sekarang beralih fungsi menjadi ruang publik ak ke taman pandanaran sangat mudah bisa dijangkau dengan angkot trans semarang ataupun ojek online terlebih lagi lokasinya di jl pandanaran pusat kota dekat simpang dan pusat oleh oleh pandanaran semarang oiya di taman ini juga ada warak juga warak adalah hewan mythology dari semarang tapi disini tidak ada endognya miss bosku
5.0,tamannya bersih malam hari jarang terlihat orang yg ada di taman lalu lintas depan taman cukup ramai saat liburan cocoklah klo buat merenung sendirian karna penat
3.0,sayang ga terawat
5.0,berlokasi di tengah kota semarang taman ini menjadi oase ditengah hiruk pikuknya masyarakat kota yang beraktivitas dahulunya tempat ini adalah stasiun pengisian bahan bakar spbu yang dikelola swasta dan berdiri di atas tanah milik pemerintah kota semarang namun selanjutnya difungsikan sebagai taman dengn memiliki ciri khas patung warak ngendog sebagai maskot budaya kota semarang
5.0,bola basket bahasa inggris basketball adalah olahraga bola berkelompok yang terdiri atas dua tim beranggotakan masing masing lima orang yang saling bertanding mencetak poin dengan memasukkan bola ke dalam keranjang lawan bola basket sangat cocok untuk ditonton karena biasa dimainkan di ruang olahraga tertutup dan hanya memerlukan lapangan yang relatif kecil selain itu permainan bola basket juga lebih kompetitif karena tempo permainan cenderung lebih cepat jika dibandingkan dengan olahraga bola yang lain seperti voli dan sepak bola ada posisi utama dalam bermain basket yaitu forward pemain yang tugas utamanya adalah mencetak poin dengan memasukkan bola ke keranjang lawan defense pemain yang tugas utamanya adalah menjaga pemain lawan agar pemain lawan kesulitan memasukkan bola dan playmaker pemain yang menjadi tokoh kunci permainan dengan mengatur alur bola dan strategi yang dimainkan oleh rekan rekan setimnya
5.0,taman pandanaran jadi alternatif buat nongkrong sama teman atau keluarga
5.0,taman kota dimana berbagai komunitas sering berkumpul sangat cocok untuk nongkrong bersama teman dekat dengan fasilitas publik lainnya ada patung maskot kota semarang setinggi meter
4.0,bisa jadi tempat untuk istirahat sejenak jika kita olahraga lari ada tempat duduk nya
4.0,taman yang terletak di tengah kota disini dulunya spbu tapi sayang kurang perawatan
3.0,bagus sih tpi tempatnya kurang bersih kamar mandinya jorok bnget ada sampah menumpuk di taman mohon untuk lebih diperhatikan lagi tamanya
3.0,lumayan bagus taman tengah kota ini cuma sayang fasilitas tidak dirawat dgn baik sempet gumun ad tempat buat ngambil minum ala eropa yg model kran eee pa dicoba zonk hahaha
5.0,nyaman untuk bermain anak anak sedikit masukan untuk pemkot di taman pandanaran ada kran air siap minum tapi tidak berfungsi terima kasih
5.0,tamannya tertata dengan baik dan nyaman sayang fasilitas air siap minumnya mati
4.0,tempatnya tidak besar ada beberapa orang menjadikan tempat ini sebagai lokasi olahraga pagi tidak jauh di sana ada embah embah yang jualan bunga
4.0,lewat di sini malam hari waktu jalan ke simpang lima oke sih buat istirahat sejenak
5.0,tempat nya sangat menarik bisa nyantai di taman ini
5.0,taman ditengah kota ada ikon kota semarang
3.0,untuk santai dekat dengan pusat kota cukup untuk tempat berteduh dari panas terik
5.0,taman yang terletak ditengan kota semarang taman ini dahulunya adalah spbu oleh pemerintah kota dirubah menjadi taman kota taman ini sangat cocok untuk bersantai sambil menikmati susasana kota semarang cocoknya datang ke taman ini diwaktu pagi hari atau sore hari karena matahari tidak terlalu terik cocok juga kalau mengajak anak kecil ditempat ini tempar ini juga sangat dekat dengan gor tri lomba juang semarang kalau mau berolahraga bisa langsung meluncur
4.0,taman multi fungsi ini bisa utk duduk santai bersama keluarga atau teman klo pa hari libur biasanya jam pagi ada senam aerobic atau zumba dg bea k per sesi
4.0,taman yg sejuk di tengah kota yg panas bila siang hari namun disekitarnya banyak resto warung makan
5.0,taman padanaran ini persis diujung pertigaan jln mh tamrin depan kampus tempat kumpulnya anak kuliah
2.0,ny sie panas tp mending lah cz ad tanaman ny jd agk seger dikit
3.0,hanya kurang fasilitas untuk bermain anak yg belum ada
5.0,wifi gratisnya lumayan cepet dan cocok utk pelajar yang mengerjakan tugas
5.0,salah satu tempat favorite yg wajib dikunjungi kalo lagi wisata ke semarang menyediakan aneka makanan mayoritas makanan ringan street food dengan rasa yg dijamin enak untuk yg muslim harus selektif krn disini juga menyediakan makanan non halal tapi makanan yg halal juga banyak kok htm gratis hanya bayar parkir motor saja
5.0,pecinan semarang sebelum tahun baru imlek semenjak covid masih sepi yang dulunya ramai akan pengunjung dikala weekend tapi sudah berangsur mulai kembali perjalanan kali ini mengunjugi mie ayam legendaris di pecinan yang tidak pernah sepi akan pengunjung
4.0,hanya lewat saja siang hari nggak rame daerah padat dengan toko dan pedagang yg didominasi orang keturunan china waktu kunjungan akhir pekan waktu antrean tanpa mengantre sebaiknya buat reservasi tidak lengkapnya
5.0,kebetullan ada perayaan kue bulan di klenteng daerah cap kaw king serasa berasa di china town sewaktu imlek waktu kunjungan akhir pekan waktu antrean tanpa mengantre sebaiknya buat reservasi tidak lengkapnya
5.0,njajaaaan malam sabtu malam minggu aneka jajan macam rata rban keatas perporsi jajan waktu kunjungan akhir pekan waktu antrean tanpa mengantre sebaiknya buat reservasi tidak yakin lengkapnya
3.0,kebanyakan yg dijual disini chinese food meskipun gk semua ada beberapa makan unik tapi harganya lumayan mahal waktu kunjungan akhir pekan lengkapnya
5.0,pecinan semarang sebentar lg akan mulai lagi event kuliner malem semawis tgl mei jumat sabtu minggu waktu kunjungan hari kerja waktu antrean tanpa mengantre sebaiknya buat reservasi tidak lengkapnya
5.0,buka kembali setelah pandemi mengobati rasa rindu masyarakat semarang mantap tetap semangat kawan kawan waktu kunjungan akhir pekan waktu antrean mnt sebaiknya buat reservasi tidak lengkapnya
2.0,belum rekomended lagi setelah tahun tutup rame banget dan pilihan makannnya masih sepi jadi tepi bag kanan dari arah masuk masih jarang jarang
5.0,ada bubur manis bu rini deket gapura pecinan enak bgtttt dimasak secara tradisional wajib coba waktu kunjungan hari kerja lengkapnya
2.0,tempatnya bagus tapi harga makanan kelas street food di sini termasuk mahal overprice malah parkir motor ribu
5.0,malam hari sangat padat pengunjung surganya kuliner jajanan
3.0,daerah pecinan semarang siang jadi pusat pertokoan tapi masih terasa agak kumuh kalau jadi tempat wisatawaktu kunjungan hari kerja waktu antrean mnt sebaiknya buat reservasi tidak lengkapnya
4.0,rame polll ga kuat bgt nunggu antriannyaa
5.0,banyak banget jajanannya dan ruame pol
5.0,kawasan pecinan semarang yang berada di daerah kauman semarang ini seolah tidak pernah tidur jika siang hari kawasan ini tampil sebagai kawasan perdagangan aneka ragam niaga mulai dari toko kelontong toko emas dan banyak lagi ragam toko lainnya disini maka dimalam hari tepatnya mulai jam sore saat toko toko teraebut mulai menutup pintu perdagangannya mulailah bermunculan meja meja lipat kursi kursi plastik juga tenda tenda kios kecil yang bertuliskan pusat jajan kuliner semawis ternyata mulai jam sore setiap harinya bangunlah sebuah pasar malam semawis di kawasan pecinan tersebut beraneka ragam jajanan kuliner dijajakan disana mulai dari seafood jajanan ala singapura hongkong bahkan italia minuman sehat hingga minyak gosok ada disana dibeberapa tempat ada juga penjual perhiasan mulai dari cincin gelang hingga kalung bahkan ada dua trnda yang menjajakan meramal dengan baca gari tangan dan kartu tarot begitu ramainya dan semarak antusias para pengunjung untuk mendatangi pasar semawis ini untuk jajan kuliner perhiasan mainan atau bahkan hanya berjalan jalan menikmati suasana yang ramai disini enggan rasanya untuk meninggalkan kawasan ini tetapi aetelah jam malam kawasan ini berangsur sepi dan kami meninggalkan tempat ini setelah cukup puas berjalan jalan disini mohon klik jika anda menyukai review ini terima kasih
5.0,ramai tiap jumat sampai minggu disini tempatnya kalau kalian suka wisata kuliner ada seafood e buah e krim makanan china jajanan impor dari china pork sosis bakar takoyaki dan masih banyak lagi information kalau kalian beli makan disini kebanyakan tempat duduknya penuh jadi ya jangan kaget kalau kalian nanti bakal makan atau minum sambil berdiri
5.0,pengalaman yang sangat menyenangkan tempatnya rapi saya tidak lihat sampah berserakan tempat sampah juga cukup banyak oh menu yang ditawarkan juga variatif saya tertarik mencoba sate babi dari cik lian ribu dapat tusuk rasanya enak banget kalau mau halal ada menu lain seperti pisang plenet yg menjadi khas semarang tapi saya kurang suka hehee dari saya sempurna
5.0,sebuah kompleks kawasan yang menjadi rujukan wisata kota semarang selain memiliki historis yang menarik kawasan pecinan juga memiliki ciri khas yang unik dimana kawasan pecinan selalu ditandai dengan rumah yang memiliki atap mirip pelana kuda dibagian sampingnya yang masih terjaga keasliannya serta banyaknya bangunan klenteng dengan usia ratusan tahun selain itu dikawasan ini juga dijadikan salah satu pusat kegiatan ekonomi salah satunya adalah pasar tradisional semawis
5.0,asyik ke tempat ini nuansa pecinan sangat terasa saya ke sini naik becak dari pusat oleh oleh dekat lawang sewu pa malam minggu pecinan dibuka habis magrib dan tutup katanya pukul malam berbagai makanan dijual di sini dari yang halal sampai non halal bagi muslim sambil menikmati suasana pecinan yang bangunan masih ada nuansa tempo doeloe
4.0,kulineran malam yang ada hanya malam sabtu senin jam makanan lumayan lengkap sayangnya tempat duduk sering kurang
5.0,setiap akhir pekan diadakan semawis pusat kulineran di daerah pecinan semarang tepatnya disepanjang jl gg warung sempat tutup ketika pandemi covid tapi sekarang sudah buka kembali dengan konsep yg berbeda pengunjung tidak disediakan meja kursi untuk makan penjual menjajakan makanan di food truck waktu kunjungan akhir pekan waktu antrean tanpa mengantre sebaiknya buat reservasi tidak lengkapnya
4.0,pasar yang buka setiap hari jumat sabtu dan minggu malam terdapat berbagai macam jajanan pasar maupun jajanan kekinian harganya lumayan murah dan cumi bakarnya sangat enak dan harus dicoba
3.0,di kawasan ini banyak sekali pusat kuliner seperti pasar semawis yg hanya buka weekend serta lumpia gang lombok yang legendaris suasana chinesenya masih kental sekali namun kebersihan kurang terjaga juga kesan semrawut dan macet yang tak bisa dihindari banyak pula klenteng dan kebetulan pa aku kesana sedang ada pertunjukan barongsai jika siang hari terasa sangat gerah
5.0,surganya kuliner mantappp apa aja ada deh disini mulai dari halal sampai non halal hampir semua stand bisa pakai go pay dan cashback tapi max cuma rp cashbacknya ada banyak pilihan makanan mulai dari cemilan sampai makanan berat hotdog kentang tteokki bakcang masakan manado bubur ceker roti bakar zupa sup gudeg soto bakso nasi campur chinese food jus berbagai macam e dll
5.0,suka banget sama suasana dan hiruk pikuknya waktu ke sana waktu udah dibuka ramai wangi banyak makanan enak minumannya juga seger seger tinggal pilih mau yang seperti apa waktu kunjungan akhir pekan waktu antrean tanpa mengantre sebaiknya buat reservasi tidak lengkapnya
5.0,bagus tempatnya penjual makannya banyak enak enak harga terjangkau tinggal milih ada live music sambil duduk manis makan dengerin music melihat lalu lalang irang orang
5.0,salah destinasi lokasi yg di bilang lama sama kayak semarang kota lama yg dimana semua makanan sovenir dll khususnya yg menyangkut etnis tionghoa ada di kota semarang pecinan di semarang kota lama ada gedung tua gereja blenduk yg terkenal di pecinan tak mau kalah dengan klentengnya yg tersohor salah nya kapal panglima ceng ho yg bersandar di dekat klenteng
5.0,temapt ini memang seperti pasar jadi terlihat kumuh tapi dibalik semua itu punya sejarah yang sangat menarik dan biasanya pada hari jumat minggu jadi tempat untuk menajajkan makan yang dinamakan semawis
3.0,mantap pokoknya kesini gagal dietada banyak makanan non halal dan makanan halalmurah meriah ada banyak pilihan wisata makan malam kayaknya cocok di sini tinggal pilih makanan atau minuman kesukaan yang cocok sesuai pilihan lidah kita
4.0,tempat ini menyediakan berbagai macam kebutuhan rumah tangga obat kuliner dll dng harga yg terjangkau ayo kunjungi pecinan semarang
5.0,ikan belanak dan nasi ramesan plus sambal mentah joss tenanwaktu kunjungan hari kerja waktu antrean mnt sebaiknya buat reservasi ya lengkapnya
5.0,disini terdapat jajanan jajanan yang enak enak sekali setiap malam hari dari magrib setiap hari jumat sabtu minggu cocok untuk melepaskan penat dan hangout bersama keluarga adik pacar maupun teman terdapat banyak pilihan makanan dari yang halal sampai non halal banyak jajanan kekinian juga ada seafood untuk pecinta seafood seperti saya recomended jajanan enak tinggal pilih
5.0,ramai banyak kuliner nyawaktu kunjungan akhir pekan waktu antrean mak mnt sebaiknya buat reservasi tidak lengkapnya
5.0,semawis terletak dikawasan pecinan buka mulai hari jumat sore hingga minggu malam disini menjual berbagai makanan mulai dari makanan tradisional seperti siomay hingga makanan modern seperti e kepal milo selain makanan juga dijual berbagai macan cemilan sehat dengan harga yang bervariasi
4.0,harga agak mahalkrn kualitas tempat kurang rapi dn kurang bersihtp masih aman terkendali
4.0,makanan nya cukup bervariasi tapi untuk rasa makanan memang agak kurang waktu kunjungan akhir pekan lengkapnya
5.0,suasananya rame banget orangnya juga ramah trus benar seperti kampung cina hubungan harmonis antar umat sangat terlihat etnis pecinanan juga terpelihara yang baik ga aneh banyak yang kesana
3.0,suasana di jam pagi andaikan area ini mjd daerah pariwisata dan tradisional market yg mpy nilai jual ekonomi pariwisata
5.0,banyak pilihan makanan mangganya segar sate b manadonya enak
5.0,saya selalu kesini saat subuh untuk belanja sayur dan daging harga terjangkau karena banyak pedagang yang berbelanja disinibaik dari katering restoran hotel warung makan bahkan pedagang sayur keliling biasanya kulak disini lur
4.0,tempat yg asik utk berburu kuliner banyak sekali pilihan kuliner semarang disini mantap
5.0,makanannya enak suasana dan tempat yg khas pecinanwaktu kunjungan akhir pekan waktu antrean mak mnt sebaiknya buat reservasi tidak lengkapnya
5.0,cocok untuk kalian yang mencitai jajanan kaki lima super lengkap dari makanan ringan sampai berat beragam makanan dn minuman yang sedamg populer yah tapi siap siap bawa uang banyak ya memang kaki lima tapi rata rata porsi k
5.0,kawasan ini selalu ramai di hari jumat sabtu dan minggu bagi pecinta kuliner tempat ini sangat cocok untuk didatangi pa weekend dari jam hingga jam malam jangan lupa kalau ke sini mampir ke stan pangsit mayo ya
5.0,tempat yang nyaman untuk jalan jalan menikmati kota semarang dengan nuansa china town
5.0,enak banyak pilihan makanan harga bervariasi dari k sampai k tempat untuk duduk dan menyantap makanan kurang banyak karena banyak sekali yang datang
4.0,setiap hari jumat sabtu minggu malam ada semacam festival
5.0,kawasan kuliner kota semarang banyak pilihan jajanan dan snack selain itu jjuga banyak pilihan makanan unik dan enak
5.0,makanannya enak enak jual makanan ringan maupun berat minumannya juga beragam sayangnya ke sini waktu sebelumnya hujan jadi tidak semua stand buka far good kalau ke semarang mau ke sini lagi recommended buat yang bingung cari tempat jalan waktu malming atau yang mau cari kuliner khas semarang bisa nihh salah satu yang kucoba adalah tahu gimbal bumbunya kerasa gimbalnya kriuk kriuk
4.0,area bekas perkantoran yg luas menurut aku semua masih terawat jadi masuk harus beli tiket dulu lalu disitu ada petugas yg menawarkan sebagai jasa pemandu tdk pakai jg tidak apa bangunan ini gari besarnya berpola letel artinya punya halaman yg luas ditengah tengah bangunan yg mengelilinginya utara selatan barat timur saya justru tertarik dgn bangunan toiletnya yg masih terawar sampai alat klosetnya kloset utk kencing pria dgn model berdiri yg panjang dari atas kebawah aa bangunan yg khusus utk souvenir juga sewa kostum buat foto nuasa eropa jepang jawa jadul ada bangunan utk musium lingkungan yg asri dan rapi bersih dihalaman tengah ada semacam kulinernya juga sewa sepeda liatrik live musik solo jangna khawatir yg mau sholat juga tersedia musholanya juga
5.0,kemarin kesini waktu hari kerja suasana tenang leluasa menikmati sejarah yang ada disini untuk masuk kesini harus bermasker dan check di aplikasi peduli lindungi harga tiket masuk tergantung golongan ada anak anak dan dewasa tempatnya bersih meski bangunan lama cocok untuk membawa anak anak untuk mengenali sejarah lawang sewu apabila merasa lelah disediakan scooter dengan biaya sewa mulai rb per menit oya disini tidak tersedia lahan parkir untuk parkir bisa menggunakan lahan lahan disekitar lokasi lawang sewu
5.0,tempat wisata terkenal di kota semarang yang sangat menerapkan protokol kesehatan tidak hanya mengandalkan wisata sejarah di dalamnya terdapat stand kuliner dan live music tempatnya bagus untuk background foto lokasinya strategis di jantung kota semarang sebelah tugu muda semarang untuk parkir mobil bisa menggunakan tempat parkir dp mall yang berada di sebelah utara lawang sewu atau kantong parkir di sebelah selatan lawang sewu tempat ini sangat cocok untuk para pelancong yang akan merasakan tempat wisata seru di kota semarang bersama teman ataupun keluarga besar
4.0,wisata wajib dikunjungi jika ke semarang bangunan bersejarah yang menjadi ikon kota semarang kesan angker sudah tidak terlihat disini bangunan yg keren untuk dijadikan spot foto menarik masa pandemi pengunjung wajib memiliki aplikasi pedulilindungi untuk cek kesini tiket masuk dewasa k dan anak anak k
5.0,tiket masuk dewasa rb per orang saran sih pake tour guide krn biar muter tau tujuan mau kemana kmrn bayarnya rb udh termasuk di fotoin spot yg okewaktu kunjungan hari kerja waktu antrean tanpa mengantre sebaiknya buat reservasi tidak lengkapnya
5.0,tempat bersejarah ini sangat unik dan menarik hampir tidak ditemukan yg serupa ditempat lain ini pertama kalinya sy mengunjungi nya namun peristiwa kecil yg menarik jadi pengalaman berharga bahwa jika ingin masuk rumah ucapkan salam atau permisi tempat bersejarah ini patut untuk dikunjungi yg paling sy suka tempat ini ada du pusat kota semarang
5.0,terakhir kunjungan kemari sekitar tahun yang lalu banyak berubah kesan horor sudah sama sekali tidak terasa karena banyaknya lampu saya dan teman memakai tour guide dengan harga ribu dan katanya tidak boleh ditawar nanti rejekinya ditawar juga padahal kan wajar orang nawar tour guide di lawang sewu sudah tidak digaji perbulan jadi freelance atau mengandalkan pengunjung yang menggunakan jasanya saja ada cfc juga di dalam jadi setelah keliling bisa singgah dan makan masukan untuk pengelola alangkah baiknya kalau diberikan pelatihan memotret atau mungkin potret berbayar untuk menambah pemasukan tour guide
5.0,ikon kota semarang bangunan peninggalan belanda yg di buat untuk kantor perusahaan kereta api apa jamannya untuk saat ini dijadikan wisata edukasi bangunan terawat dgn baik kemarin kesana ada live music dan byk jajanan ramai tidak terlihat seramwaktu kunjungan hari kerja waktu antrean tanpa mengantre sebaiknya buat reservasi tidak tempat parkir tempat parkir sulit ditemukan lengkapnya
5.0,tempat sejarah yang bagus baru pertama kesini dan karena gak pakai pemandu jadi cari taunya googling hehehe lumayan rb buat makan oh ya disana juga disewakan scooter buat anak dan dewasa harga rb per menitwaktu kunjungan akhir pekan waktu antrean tanpa mengantre sebaiknya buat reservasi tidak lengkapnya
5.0,tiket masuk k lumayan mahal ya untuk dewasa lokal keren buat foto dan belajar sejarah bersih tapi ada beberapa tmpt yg perbaikan jd gk b dijalani ad jual souvenir tp mahal ad kfc jg dalam
5.0,bolak balik kesini kalo pa ke semarang tetep aja seneng liat bangunan sejarah yang masih kokoh berdiri apalagi sekarang ada konser keroncong juga di halaman tengahnya juarawaktu kunjungan akhir pekan waktu antrean mak mnt sebaiknya buat reservasi tidak lengkapnya
4.0,ikon bersejarah kota semarang peninggalan belanda yang masih bisa dikunjungi walaupun beberapa bagian ruangan sudah tidak boleh dimasuki week day buka mulai pukul wib week end buka mulai pukul wib mulai tanggal januari berlaku tarif tiket masuk yang baru dewasa rp anak rp
5.0,bangunan heritage yang menjadi saksi sejarah perkembangan perkeretaapian indonesia sangat nyaman dan sejuk bahkan kucing pun bisa tidur lelap di sana ada lantai yang tidak dibuka karena khusus untuk area komersil seperti shooting prewedding dan film jika ingin ilmu lebih bisa membayar tour guide sebesar k untuk menemani rombongan
5.0,bangunan yang menjadi icon kota semarang dengan kondisi bangunan yang sangat terawat yang ternyata adalah kantor pusat kereta api dijalan belanda yang berfungsi sebagai alat angkut hasil bumi pada masa tanam paksa mulai dari jakarta hingga surabaya bangunan yang berisi diorama perkeretaapian ini menyuguhkan suasana yang membawa kita ketahun seperti bangunan bangunan dieropa pada masanya tempat yang menarik untuk kita berfoto ataupun selfie banyak spot spot yang bagus untuk itu ditambah ada penyewaan baju tradisional jawa baju tradisional jepang baju bajak laut dll yang disesuaikan dengan latar belakang untuk kita mengabadikan momen dengan berfoto note tidak ada tempat parkir di area gedung parkir diluar gedung dipinggiran kali atau di mall dibelakang gedung kalau saya memilih di parkiran mall
4.0,tempat yang harus di kunjungi kalo mampir ke semarang ya genks dulunya stasiun kereta api jaman belanda dan sekarang di jadikan museum dan tetap di pelihara sebagai bangunan cagar budaya terletak di simpang lima dan pusat kota hanya saja parkiran tidak ada jadi di kelola secara konvensional oleh masyarakat sekitar di bahu jalan di pinggiran kali overall sangat oke dan mempunyai nilai sejarah yang tinggi
5.0,tiket masuk k bangunan nya bertingkat kalian wajib bgt mengeklpore semua bangunan nya yaa biar ga sia k nya wkwk ada live musik dan penjual nya di dalam lawang sewu untuk foto baguss rekomendasi dari aku kesana waktu weekday biar ga rame dan hasil foto nya bagus waktu kunjungan hari kerja waktu antrean tanpa mengantre sebaiknya buat reservasi tidak lengkapnya
5.0,lawang sewu adalah gedung bersejarah milik pt kereta api indonesia persero yang awalnya digunakan sebagai kantor pusat perusahaan kereta api swasta nederlandsch indische spoorweg maatschappij nism gedung lawang sewu dibangun secara bertahap di atas lahan seluas bangunan utama dimulai pada februari dan selesai pada juli sedangkan bangunan tambahan dibangun sekitar tahun dan selesai tahun bangunannya dirancang oleh prof jakob f klinkhamer dan b j ouendag arsitek dari amsterdam dengan ciri dominan berupa elemen lengkung dan sederhana bangunan di desain menyerupai huruf l serta memiliki jumlah jendela dan pintu yang banyak sebagai sistem sirkulasi udara karena jumlah pintunya yang banyak maka masyarakat menamainya dengan lawang sewu yang berarti seribu pintu selain desain bangunanya yang unik lawang sewu memiliki ornamen kaca patri pabrikan johannes lourens schouten kaca patri tersebut bercerita tentang kemakmuran dan keindahan jawa kekuasaan belanda atas semarang dan batavia kota maritim serta kejayaan kereta api ragam hias lainnya pada lawang sewu antara lain ornamen tembikar pada bidang lengkung di atas balkon kubah kecil di puncak menara air yang dilapisi tembaga dan puncak menara dengan hiasan perunggu saat ini gedung lawang sewu dimanfaatkan sebagai museum yang menyajikan beragam koleksi dari masa ke masa perkeretaapian di indonesia koleksi yang dipamerkan antara lain koleksi alkmaar mesin edmonson mesin hitung mesin tik replika lokomotif uap surat berharga dan lain lain lawang sewu menyajikan prose pemugaran gedung lawang sewu yang terdiri dari foto video dan material restorasi mendekati pintu keluar terdapat perpustakaan berisikan buku buku tentang kereta api selain menjadi tempat wisata sejarah gedung lawang sewu juga dapat disewa untuk kegiatan pameran ruang pertemuan pemotretan shooting pesta pernikahan festival bazar pentas seni workshop dll
1.0,lawang sewu itu ikon kota semarang yang dulunya sangat amat dikenal akan kisah mistisnya dikenalnya pun tdk dalam konteks negatif namun positif dan bisa dibilang kisah kisah mistis ini menjadikan lawang sewu sebagai daya tarik tersendiri bagi wisata di kota semarang namun sekarang sudah berbeda bumn pemilik dari bangunan lawang sewu memutuskan untuk menghapus nilai jual mistis dari ikon semarang ini alasannya adalah mereka adalah bumn dan bumn tidak boleh memiliki aset yang ada nilai mistis dsb waktu saya tanya bahkan termasuk menghapus sejarah dan nilai tarik lawang sewu sebagai wisata mistis yang sudah menjadi ikon semarang dari dulu salah satu staf disana menjawab secara singkat ya bisa dimengerti bahwa apabila sudah peraturan ya peraturan tapi hal ini tidak akan bisa menghapus kekecewaan saya terhadap keputusan yang diambil oleh bumn ini apalagi secara masyarakat umum biasa kita tidak memiliki power apa saat ini apa yang coba dijual oleh lawang sewu adalah nilai arsitekturnya dan juga entertainment dengan berbagai gerai kedai warna warni makanan dan minuman di halaman tengah live music penyewaan kostum di salah satu koridor dll arsitektur bangunan lawang sewu pun sangat amat menarik dan unik tidak dipungkiri karena ini adalah penilaian pribadi saya cukup muak melihat itu semua apa yang seharusnya menjadi identitas lawang sewu malah dijadikan becandaan saat salah satu gerai makanan cepat saji ayam tepung itu masuk saja saya sudah tidak suka karena bagi saya itu mengganggu pemandangan dari lantai dan sekarang malah ditambah tenda warna warni dan live music yang bagi saya sangat mengganggu estetika dan pemandangan dengan warna yg mencolok kontras juga berisik saya tidak berharap lawang sewu bisa kembali seperti semula atau apapun silahkan dilanjutkan dengan apa yang menjadi pilihan yang telah diambil untuk image bumn nya karena ini hak mereka sepenuhnya saya hanya kecewa
5.0,tempat yang sangat bersejarah baiknya pake pemandu wisata yang resmi dari lawang sewu nya jadi kita bisa tau detail sejarah nya setiap detail bangunan punya cerita nya masing cocok untuk berwisata sambil belajar sejarah nasional indonesia khusus nya kota semarang lawang sewu adalah tempat yang wajib dikunjungi jika kita ke kota semarang fasilitas seperti toilet masih terjaga kebersihan nya meskipun umur nya sudah sangat tua
5.0,bangunan lama yang masih bagus cukup bersih saat berkunjung ksana belajar banyak sejarah kereta api dsana bisa foto waktu kunjungan akhir pekan waktu antrean mak mnt sebaiknya buat reservasi tidak lengkapnya
5.0,salah satu tempat sejarah yang menjadi iconic kota semarang dan lagi untuk tiket murah dihari biasa hanya k sambil belajar sejarah disini juga bagus untuk foto ootd
4.0,dulu kesannya angker tapi sekarang lebih kelihatan mirip museum dan cocok buat edukasi bareng keluarga ada guide juga buat penjelasan sejarahnya sepenglihatan sih bersih dan terawat fasilitas juga oke mungkin koleksi sejarah lain bisa ditambah untuk mengisi ruangan agar lebih menarik dan menambah ilmu tentang sejarahnya lawang sewu
4.0,tiket masuk dewasa mahasiswa k tiket anak k wisman k didalam ada penjual makanan dan penyewaan scooter pada saat scan tiket dipintu masuk agak lama sehingga antri cukup panjang
5.0,tempatnya luas baiknya sih klo kesini pake guide biar lebih tahu lagi sejarah nya begitu masuk ke dalam akaj ditawarkan jasa guide untuk keliling lawang sewuwaktu kunjungan akhir pekan waktu antrean tanpa mengantre sebaiknya buat reservasi tidak lengkapnya
5.0,baru sempet muter di lantai sih tp seru jg liatin berbagai miniatur kreta brg sejarah sana cobain kostum utk foto jgn lupa bersantai ria dgrin musik live n nyemil di lapangan
5.0,datang ke tempat ini makin meningkatkan pengetahuan tentang transportasi pada jaman kolonial belanda di jawa tengah khususnya kota semarang sesuatu bngt saat melihat kekokohan bangunan di masa itu waktu kunjungan akhir pekan waktu antrean mak mnt sebaiknya buat reservasi tidak lengkapnya
5.0,tiket masuk k untuk dewasa mahasiswa tempatnya cukup ramai pengunjung dan walaupun cuma bangunan peninggalan tapi menurutku kalo ke kota semarang least pernah kesini sekali
5.0,tidak pernah berubah selalu istimewa ketika berkunjung disini berbagai hal juga sudah ditingkatkan oleh pengelola baik tiket masuk yang fleksibel dan kekinian karena kita mendapatkan tiket dengan barcode yang di scan serta kebersihan yang terjaga sedikit catatan adalah masih membingungkannya area parkir bagi turis yang baru pertama kali kesini
5.0,bekas stasiun kereta api jaman belanda ke sini lebih suka museumnya jadi tau seperti apa perkembangan kereta jaman belanda tergambar bahwa teknologi jaman dulu sudah bagus dan dapat di kembangkan di jaman sekarang dengan tambahan aman dan sangat nyaman adem walaupun di semarang terkenal panas di tengah halaman utama ada pohon mangga talijiwo ini langka dan mengingatkan masa kecil dulu ada persewaan baju jaman kolonial nggak tau sebutannya apa pokoknya baju belanda jaman dulu bisa buat foto prewed juga bisa bagus dehh vintage dan kaya akan sejarah
5.0,tempatnya bagus baru pertama kali sih antik sejuk dan bersih areanya parkirnya jauh dr lokasi tidak di dalam lokasiwaktu kunjungan akhir pekan waktu antrean mak mnt sebaiknya buat reservasi tidak lengkapnya
5.0,seger sejuk tenang nyaman dan indah suasana alam di sekitar begitu damainya semarang kota kelahiranku halo semarang selamat tahun semoga damai dan sejahtera selalu godbless
5.0,salah satu tempat iconic warisan bersejarah negara indonesia yang berlokasi di daerah kota semarang dengan arsitektur khas nya yang sangat menarik sebagai objek photography dengan beragam cerita menarik dari tempat ini yang semakin membuat anda penasaran untuk singgah di tempat ini wisata ke semarang tidak lengkap tanpa berkunjung ke lawang sewu
5.0,tempat bersejarah peninggalan belanda uang masih sangat terawat hingga saat ini memiliki daun pintu yang sangat banyak sehingga dijuluki lawang sewu
5.0,merupakan tempat wisata sejarah perkeretaapian di indonesia biaya masuk per oktober adalah rb orang sebelum berencana memasuki area wisata pastikan terlebih dahulu kalau kita sudah melakukan vaksinasi ya gaes agar bersama kita aman dan nyaman dala berwisata jangan lupa patuhi protokol kesehatan yang berlaku dan pastikan untuk selalu menjaga kebersihan lingkungan di wilayah area wisata lawang sewu terdapat area cuci tangan area toilet umum spot foto area museum yang indah sekedar saran saja lebih baik melakukan kunjungan di jam siang sore hari karena cuaca yang sudah lumayan adem untuk lebih mengenal sejarah berdirinya lawang sewu bisa menyewa jasa gude di tempat wisata dijamin lebih kenal sejarah dan lebih tau sport spot foto yg lebih bagus
5.0,tempat wisata sejarah di kota semarang dengan arsitektur belanda merupakan gedung tempat perusahaan kereta api jaman penjajahan belanda memiliki arsitektur yang unik dengan ukuran dan bentuk yang tipikal sehingga menjadikan tempat yang instagramable
4.0,lawang sewu salah satu objek wisata kota semarang ikonik semarang tempat yang wajib banget dikunjungi ketika ke semarang wisata sejarah tentang kereta api sejak zaman dahulu lokasi dekat dengan bunderan tugu mudah dijangkau dengan menggendarai sepeda motor mobil dan kendaraan umum lokasi dipinggir jalan tiket masuk rb dan wajib menunjukkan kartu vaksin dengan scan barcode pada peduli lindungi cek suhu pakai masker dan cuci tangan menerapkan protokol kesehatan yang ketat ada jasa tour guide dengan biaya k fasilitas berupa toilet musholah dan spot foto bisa sewa busana dan foto kedai makanan mini barang barang oleh oleh berupa baju atau gantungan kunci dengan harga yang terjangkau bersih dan nyaman ramah bagi pengguna kursi roda teduh walau di luar sedang dalam kondisi cuaca semarang yang puanas parkir di luar samping kiri lawang sewu parkir motor senilai mobil pribadi juga parkir di sini untuk bus kurang paham kesan horor dan mistis sama sekali tidak terasa karena tempat yang benar benar bersih terawat karena masih dalam kondisi pandemi lawang sewu buka dari jam wib saja begitu kata penjaga lawang sewu ketika saya hendak mengunjungi tempat ini pada pukul malam
5.0,sebagai orang yg suka dengan sejarah tentu saja tempat ini jadi salah tempat yg patut banget untuk dikunjungi minimal seumur hidup sekali deh tempatnya mudah dicari lha wong di pusat kota semarang dulu saya waktu kesana siang hari tapi kesan adem dan senyap masih tetap terasa hehe bukan mau menakut nakuti tapi emang begitu bangunannya kolonial belanda banget bagus dan sangat artistic biaya masuk kesini juga murah apalagi kalo pelajar jelas lebih murah rekomended deh buat yg pengen mengenal tentang indonesia lebih dalam
4.0,wisata bangunan desain jaman belanda dengan unik karena banyak mempunyai pintu dengan warga sekitar dinamai lawang sewu
4.0,lawang sewu merupakan situs bersejarah nasional indonesia khususnya kota semarang jawa tengah yang perlu dijaga kelestarian nya agar dapat dinikmati oleh anak cucu kita bila anda berkunjung kesini marilah jagalah kebersihan komplek objek wisata ini
2.0,sebenarnya tempatnya bagus dan bersih sekali cuman saya tidak suka dengan petugas satpamnya ga ramah sama sekali ketika datang dengan ketus bilang scan dulu padahal saya datang pukul jadi arah matahari tepat di area pagar depan museum mana saya bawa anak dan ortu masalah scan ga masalah karena itu sudah rule tapi kalau ga ketus dan bisa dikondisikan dengan baik agar pengunjung bisa nyaman alangkah jauh lebih baik berpikirlah kalau kita ini simbiosis mutualisme kita sebagai pengunjung membayar tiket untuk masuk biaya tersebut bisa digunakan untuk operasional museum nah sebagai gantinya mohon lebih ramah kepada pengunjung agar kami pengen balik kesana kembali mohon pengelola satpam depan diberi arahan yang baik
5.0,tempat bersejarah yang sangat kental dsini ada museum kereta api dan miniatur kereta api zaman dahulu terdapat banyak spot foto bahkan bisa juga untuk prewed
5.0,wisata sejarah arsitektur jaman dulu sangat clasic saya kemarin menghitung pintunya tapi tidak ada pintu
5.0,love place karena saya penggemar gedung tua yg buatan belanda bersiiih banget tertata rapi dan adem di dalam gedung dibanding suhu semarang yang amat sumuk tarif masuk dewasa rb dan ada persyaratan minimal sdh vaksin tahap kalau punya aplikasi pedulilindungi tinggal nunjukin aja kalau g punya kartu vaksin dan ktp ditunjukin mungkin akan lebih enak lg kalau ditambahkan cafe yg ala era belanda juga selain booth utk foto yg pilihan kostumnya banyak banget kalau siang gak ada serem nya ya ndak tau kalau wisatanya pa malam hehe tp selama pandemi jam buka hanya dr jam sore ya
5.0,banyak banget pengunjungnya gak sempet masuk sih krn liat antrian didepan hahaajadi menikmati lawang sewu dari luar ajakerenwaktu kunjungan hari kerja waktu antrean tanpa mengantre sebaiknya buat reservasi tidak yakin lengkapnya
5.0,wah parah sih iniii bagus bangetttt akhirnya ke lawang sewuuu tempat bersejarah asik banget transportasi nya juga mudah luas banget pokoknya kerennn
5.0,tempat wisata yg wajib banget kalian kunjungi ketika berada di semarang gak afdol rasanya jika belum kesini terletak di pusat kota semarang dekat dengan bundaran tugu kota semarang buka mulai pukul pagi hingga malam harga tiket ketika weekday maupun weekend ribu rupiah jangan lupa juga sedia aplikasi peduli lindungi krn masih harus check utk masuk ke area di lawang sewu juga tersedia pemandu jika ingin lebih mengetahui cerita dibalik bangunan belanda nan megah dan ikonik ini bangunannya sangat terawat dan jujur hanya bisa geleng melihatnya membuat saya berpikir bagaimana kehidupan di jaman dulu dan pembangunan bangunan ini yg paling saya suka adalah kaca patri dan toilet nya yg original sangat bagus dan terawat saya dan istri perlu waktu satu jam utk mengelilingi dan berfoto di area komplek lawang sewu sendiri tanpa istirahat di area booth makanannya
5.0,sudah kali ke ini kegiatan dinas ke semarang dan baru kali ini berkesempatan itupun tidak direncanakan pengalaman berkunjung kesini dengan keterbatasan hingga masuk tiket saja dibayarin terima kasih yang sudah bayarin tiket kesempatan lain pasti ada untuk gantian bayarin ditempat yang berbeda untuk masuk ketempat ini sesuai dengan layanan protokol kesehatan dari peduli lindungi di mulai memakai masker cek suhu dan cuti tangan tiket masuk perorang dewasa ribu disini bagus untuk spot foto dengan tema jaman dulu memang bagus dengan model bangunan lama namun tetap terjaga dengan baik dari segi bangunan masih kokoh semoga tetap terawat dengan baik lawang sewu
5.0,tempat wisata bersejarah yang sangat klasik dan estetik untuk berfoto tempatnya bersih dulu kesan horor dan mistis terasa namun sekarang tidak begitu saya paling terniang dengan sumurnya baunya sangat aneh namun aman kok asal kita disana sopan cukup bagus untuk berfoto foto dilengkapi museum mininya juga tapi aku masih penasaran dengan lantai dua gedung utama tapi sayang tdk di buka untuk umum dulu pernh waktu ikut kunjungan khusus siswa mengenal nusantra untuk harga tiket cukup terjangkau dulu waktu sekolah sering kesini untuk berjalan jalan bersama saudra kluarga teman semoga tetap terjaga dan semakin baik terima kasih untuk pelayanan staf yang sangat ramah
5.0,dengan k bersama ma muchtar ambon ke lawang sewu dibukakan pintu sejarahnya bukan kleniknya
5.0,tempat bersejarah yang sangat perlu dilestarikan bangunan masih kokoh dan kebersihannya juga terjaga bangetwaktu kunjungan akhir pekan lengkapnya
4.0,banjir kanal barat atau bkb adalah salah satu kanal di barat semarang yang banyak dimanfaatkan masyarakat untuk berkegiatan mulai dari bersepeda santai memancing sampai senam dengan fasilitasnya yang ada disana selain fungsi utamanya sebagai kanal semoga kedepannya lebih baik dengan kesadaran masyarakat tidak membuang sampah sembarangan dan bisa menjaga sungainya tetap dan semakin bersih
4.0,healing ga melulu berbayar dengerin suara air di banjirkanal sayangnya tempat foto nya tidak dirawat
5.0,selain banyak nyamuk dan banyak pengamen lokasi ini bagus banget kalau buat tongkrongan saranku main kesini pa sabtu sore atau minggu pagi banyak yang jual makanan juga disini jadi ngga kekurangan cemilan pa ngobrol santai bareng temen tiap malam minggu ada dancing fountain yang bisa kamu lihat tapi kalau buat orang semarang kayaknya bakal bosen liat itu itu aja si hehe
5.0,di suatu malam aku pernah berhenti dan merenung sebentar di pinggir banjir kanal barat nice juga sih suasananya kalo malem
5.0,tempatnya bagus menurut saya multi fungsi karna selain bisa jadi tempat nongkrong refreshing bersama keluarga bisa juga sebagai tempat untuk berolahraga memancing saran dari saya alangkah lebih bagus lagi kalo disediakan toilet umum supaya ga kebingungan harus nyari alfamart atau indomaret kalo tiba mau buang air kecil atau besar ada yang njaga seperti area simpang lima itu malah bagus jadi ada yg memperhatikan kebersihannya
5.0,wisat hit di kota semarang biaya hemat cocok untuk bacpaker datang jumat sabtu tuk live show langsung pertunjukan air mancur
5.0,water bridge fountainlumayan seru hiburan malam gratiscuma harus hati hati krn gelap sekali
5.0,tempat yang tepat untuk berolahraga nongkrong maupun foto foto untuk yg punya hobi mancing bisa melakukannya dipinggiran sungai nya tapi ingat jaga selalu kebersihan buang sampah pada tempatnya kalau banjir kanal barat semarang bersih rapi kan kita juga yg menikmatinya semoga para pengunjung dapat menjaga kebersihan lagi ok
5.0,dibanjir kanal barat kita dpt melihat pertunjukan air mancur berjoget selain itu ada taman yg dpt digunakan spot foto dan pula ada perahu yg siap menyeberangkan kita biaya nya murah rp dan lagi klu kita beruntung dpt ikut menysksikan ritual keagamaan dg melepas ikan melepas berpasang burung dara dan pula tempat ini acapkali dipke latihan dayung jika kontingen pon indonesia akan berlaga terakhir setiap minggu pagi j ada pasar apung disana selamat berkunjung
5.0,tempat masa kecil sktr thn srg main di kali pleret cuma pakai cd aja sama temen seru banget kejadian sebelum ada banjir bandang awal thn
3.0,area publik yg bisa menjadi pilihan untuk rekreasi murah meriah tapi sayang banyak sampah yg dibuang ke sungai yg berasal dari hulu
4.0,disini tempatnya bagus dilihat kl mlm hari ada juga yg berjualan makanan disekitarnya cobain ja jalan ke banjir kanal barat
5.0,sisi barat asik buat jogging karena memang rata jalannya untuk sisi timur enaknya buat jalan aja soalnya ada bagian yg menurun nanjak dan bukan pavingan tapi batu disusun ya cukup lah ya kalau mau km tinggal muter x
4.0,kalau sore hari bnyk pedagang di pinggiran dan mlm bisa liat fontain bright warna warni dan menari
4.0,tempat ini cocok buat rekreasi santai keluarga tapi jangan malam malam kalau sama keluarga dengan anak kecil atau jomblo karena banyak orang pacaran kalau malam banyak kuliner yang tersedia disini jajanan yang cocok buat menikmati banjir kanal ini lokasinya juga dekat tengah kota tempat parkir juga di sediakan di sini untuk parkiran mobil saya rasa harus cari cari lagi soalnya sulit
5.0,sayang banget kesananya siang siang andai malam hari apakah secantik yang diceritakan ayo boseh bersama tantin
4.0,meskipun sempet nyasar karena salah jembatan tapi untungnya ku datang tepat waktu setiap jumat malam dan sabtu malam mulai pukul wib ya pertunjukkannya tepat waktu banget jadi sesi pertama wib udah mulai dan wib udah kelar jadi pastikan gak telat biar bisa puas menikmati sesi pertama ini tidak ada tiket masuk hanya parkir saja banyak penjual makanan ringan sampai berat mie instan cemilan sate cuma ya karena banjir kanal gitu tempatnya dan sungainya gitu gak terlalu bersih ya jadi kurang enak aja gitu suasananya padahal air mancurnya bagus musiknya juga enak sayangnya juga belum ada tempat dudukatau lesehan khusus jadi ya duduk sembarangan aja gitu di pinggiran banjir kanal semoga sih tempatnya lebih representatif ke depan
5.0,aliran sungai yang luas dan bersih tepian sungainya cocok dijadikan tempat untuk beristirahat saat perjalanan tepiannya juga rapi ditata dan dihiasi sehingga menarik seseorang untuk singgah free htm guy bisa buat selfie dan menikmati keindahan sungai seru juga melihat anak anak yang bermain air dan banyak orang yang memancing ditengah keramaian kota
5.0,alhamdulillah tambah menarik sekarang jalurnya sudah tidak semrawutt sehingga lancar dalam menikmati pemandangan di banjir kanal barat bersama keluarga pasangan atau bahkan sendiriannya okeee
4.0,sekarang lebih keren cakep teratur dan bersih meski tetep ada beberapa orang yang susah banget suruh buang sampah di tempat sampah yang udah disediakan jadi bikin kotor lagi deh tapi makasih buat pemerintah kota yang sediain ruang terbuka sekadar untuk duduk duduk sama keluarga atau ngobrol sama teman di pinggiran banjir kanal saya apresiasi juga bangku bangku yang dihias bunga bunga indah
5.0,enaknya buat olahraga pagi sebelum jam saat belum ramai dan lalu lintas belum padat di atas jam pagi sih udah jadi tempat jajan dan nongkrong
4.0,sangat enak untuk bersantai jajanan seperti kucingan mudah di dapatkan dekat dengan berbagai kafe kebersihan cukup namun masih banyak juga yang membuang sampah sembarangan foto di ambil malam hari siang hari tempat cukup panas karena ruang terbuka sore ramai di kunjungi untuk joging dan lari lari kecil bersepedahan dsb
4.0,salah satu ruang terbuka di semarang ada taman buat olah raga dan refleksi kaki ada juga tempat untuk berfoto ria taman dengan beberapa spot bunga buatan di sepanjang banjir kanal barat ini terdapat ruang terbuka untuk bersantai atau sekadar melepas penat setiap akhir pekan pagi sering lihat atlet sepeda atau atlet sepatu roda latihan muterin banjir kanal di bagian sebelah barat jembatan setiap weekend pagi ada senam juga
5.0,enak buat santai bareng temen sore malem sambil makan jajan yg bisa dibeli dipinggiran banjir kanal kalo pagi juga enak buat jogging atau bersepeda
5.0,menikmati pemandangan air yg lgsng menuju laut banyak orang mancing ikan cocok untuk joging tifa tour umroh
4.0,sungainya bersih sangat reccomend buat santai sore maupun buat jogging namun masih lumayan banyak sampah berserakan yang menjadikan air sungai menjadi keruh banjir kanal bisa menjadi tempat asik di tengah kota yang tak perlu mengeluarkan banyak uang untuk menikmati suasana dan keindahan disana hanya saja untuk tempat parkir yang tidak memadai masih menjadi pertimbangan untuk kesana
1.0,buruk gak dapat ikan saya di sana berniat mancing tapi gak dapat seharian sampek malam cuman dapat ikang keting ekor aja itupun mlm dapatnya
5.0,tempat yang nyaman untuk jalan pagi atau joging dan tempat yang nyaman pula untuk nongkrong di malam hari dengan menikmati beberapa kuliner
5.0,pemandangan sore berbeda saat pagi pagi senam siang pemancing sore selancar wahanabaru gratis
5.0,setelah dinormalisasi sungai banjir kanal barat kini menjadi salah satu tempat terbuka publik di kota semarang yang asyik untuk berekreasi sambil menikmati taman dan pemandangan alam
5.0,banjir kanal di siang hari tempat yang nyaman dengan pemandangan sungai dan tanaman di malam hari penuh cahaya air mancur berdansa
5.0,ini waktu sore hari bagus juga kok guy
5.0,suasana malam hari terkini di banjir kanal barat sangatlah berbeda dengan beberapa tahun lalu sekarang banyak dibangun taman dan pedestrian yang diperuntukkan bagi warga masyarakat secara cuma cuma menjelang pergantian tahun menuju ke pemerintah kota semarang meresmikan semarang bridge fountain yang menyajikan tarian lampu warna warni yang penuh atraktif di malam hari pertunjukan ini diklaim sebagai yang pertama dan satu satunya di indonesia
5.0,tempat strategis sering buat kejuaraan lomba balap sepeda dan senam aerobik
5.0,menyenangkan yah buat piknik banyak yg jualan hihihi
5.0,pertunjukan air yang sangat indah dengan alunan musik yang serasi dengan tarian airnya cocok sebagai tempat rekreasi keluarga dan juga romantis untuk pasangan
5.0,ternyata kota kelahiranku banyak tempat wisatanya salah satunya ya disini taman pinggir sungai kanal banjir barat
5.0,melepas penat duduk dipinggir sungai
4.0,utk fasilitas umum cukup bagus penataannyaperawatan perlu ditingkatkan
4.0,pemandangan lampu dan air mancur yg bagus gaperlu jauh kalo mencari hiburan
5.0,banjirkanal barat sekarang sangat menawan cantik apalagi kalau setiap sabtu minggu ada air menari pertahankan teruskan lanjutkan
1.0,sudah beli dan sudah bayar barang masih kurang pc total barang yang tertera pc tapi ternyata cuman pc
5.0,sebuah ruang terbuka hijau sebagai upaya revitalisasi bantaran sungai banjir kanal yang kini dirasakan memberi banyak manfaat bagi masyarakat sekitar orang orang paling banyak berkunjung pada sore hingga malam hari tersedia aneka jajanan kaki lima yang bisa dinikmati di sepanjang sungai banjir kanal
4.0,gratis juga tempat enak toh kalau bosen bisa nggabung bocah bocah main plosotan di bendungan
5.0,bendungan sangat megah dan untuk wisata di pinggir kali setiap malamnya banyak warga yang mancing untuk di waktu sore cocok untuk jalan jalan sore pemandang pohon di tengah tengah sungai seperti pulau saja untuk yang hobi mancing silakan datang kesini nanti akan ketemu temen yang mancing juga
4.0,tempatnya enak buat sekedar menikmati udara pagi di tengah kota semarang
5.0,taman bendungan simongan atau yang lebih dikenal dengan pleret kalau minggu pagi ramai banyak orang senam
5.0,tempat yang baik untuk wisata santai yg gratis atau sekedar melepas lelah di sekitaran bantaran sungai yg sudah dibangun bagus oleh pemerintah kota semarang lengkap dengan bridge fountain yg syahdu dan menakjubkan biasa dinyalakan setiap hari sabtu dan miinggu malam tempat yang recomended untuk olah raga pagi siang atau sore hari bisa olga lari atau sepeda dan yang lainnya pokoknya asyik deh di sekitarnya juga banyak tersedia tempat makan atau cemilan untuk teman santai
5.0,bridge fountainnya baguss cukup bayar parkir k
4.0,tempatnya enak buat olahraga dan menghabiskan waktu bersama keluarga mungkin pelu dibuat lahan parkir tersendiri
5.0,taman ini tidak begitu luas tapi cukup menarik dan hijau berada di tengah tengah kota lama semarang taman ini memberikan nuansa asri di dalam komplek kuno ini di taman ini dilengkapi dengan sepeda kuno yang bisa digunakan untuk berfoto foto trmpat duduk yang ada di dalamnya dapat menjadi tempat untuk berteduh dari terik matahari sambil menikmati orang yg berlalu lalang tepat di sebelah taman ini tersedia beberap outlet warung kopi yang eksentrik selain itu juga tersedia toilet portable di sekitar taman
5.0,tempatnya tak seberapa luas lokasi di dalam kota lama tapi cukuplah untuk berteduh dari terik matahari setelah berkeliling di kota lama ada beberapa tempat duduk dalam area taman ini
5.0,salah satu tempat iconik kota lama di semarang sambil menunggu jadwal kereta di stasiun tawang saya berjalan kaki dari starbucks kota lama perjalanan sekitar sampai menit sambil menikmati suasana disepanjang jalan kota lama menuju stasiun banyak spot bagus untuk mengcapture atau memvideo pemandangan disepanjang jalan kota lama cuaca agak panas sihh tp seru
5.0,kalo ke kota lama siang siang pa lagi panas panasnya bisalah ngadem kesini lumayan ngga terlalu panas kendaraan bisa diparkir di metro lalu jalan kesini sebentar tempatnya mudah dicari soalnya ditengah tengah kota lama dan dikelilingi bangunan cagar budaya yang terkenal di daerah kota lama
5.0,taman nya tertata rapi bnyak property yg bisa di pakai buat spot foto gk kalah bnyak kuliner juga terutama sore hari taman bermain taman nya cocok buat taman bermain rekreasi anak terutama sore hari
5.0,tamannya kecil tapi menyenangkan parkir mobil dan motor ada sayangnua untik sepeda tidak terlihat
5.0,salah satu tempat wisata di semarang yang harus di kunjungi banyak spot buat foto foto cm harus bayar kyknya kalau foto dengan properti khusus yg di sediakan sama sana di sekitarnya banyak tempat nongkrong jg jdi setelah capek muter mau ngopi pun ga perlu pindah tempat lagi minum satu parkirnya lumayan mahal
5.0,taman yang terletak di tengah kota lama semarang bisa digunakan untuk duduk bersantai sejenak selagi berjalan disekitar area kota lama
5.0,taman sri gunting berada di kawasan kota lama semarang taman ini bak sebuah oase ditengah deretan bangunan bangunan tua yang masih kokoh berdiri taman srigunting merupakan salah satu destinasi yang cocok untuk hunting foto tempat wisata di semarang ini memang sangat instagramable karena menawarkan panorama taman nan cantik berpadu dengan megahnya gereja blenduk wisatawan pun bisa berfoto ala vintage dengan menyewa sepeda dan topi jaman belanda disekitar taman juga terdapat penjual yang menawarkan berbagai barang antik seperti jam antik kalender dan masih banyak lagi
5.0,taman di tengah tengah kota lama dekat dengan dengan gereja blenduk biasanya untuk spot foto selfie pengunjung selalu ramai waktu hari sabtu malam dan hari minggu
5.0,taman nya asri bersih dan nyaman pemandangan nya juga bagus ada spot foto dengan sepeda tersedia toilet umum tersedia kafe kopi
5.0,tamannya asri ada di kota lama semarang cuma sayang kalau siang jam kerja ke situ mau nyari ketenangan bersantai malah bising kena lalu lalang kendaraan
4.0,taman dikawasan kota lama di semarang yg sejuk rindang nyaman tapi selalu ramai pengunjung wisatawan lokal maupun luar kota utk tempat hang duduk duduk ataupun berswafoto ria dengan beberapa background merupakan bangunan bangunan yg ikonik merupakan gedung gedung lama peninggalan belanda di kawasan kota lama tersebut
5.0,taman indah di kawasan kota lama semarang penataan tamannya rapi dan sangat memanjakan mata
5.0,taman srigunting berada di sebelah gereja blenduk salah satu ikon kota lama semarang suasananya adem banyak pepohonan rindang banyak kafe di sekitarnya oya kalo kesini jangan sendirian ya cocoknya berduaan gandengan sama pasangan berasa penganten baru lagi hehehe kalau mau kesini gampang tinggal naik ke stasiun tawang semarang terus naik ojek online paling sepuluh ribu doang oya lupa deket dari taman srigunting ini ada kuliner khas semarang yang terkenal loh namanya babat gongso rasanya manis gurih pasti nagih eh kok jadi bahas babat gongso sih
5.0,setelah melewati jalan kecil sepertinya area pasar seni sampailah saya di taman srigunting saya baru tau kalau dulunya area pemakaman tapi kita sekarang bisa melihat betapa tertata rapinya area taman ini menjadi taman yang sangat cantik pagi hari sudah banyak anak muda yang berfoto di area taman saya pun sesekali mengambil foto sambil melepas penat dikursi taman yang tersedia disekeliling taman srigunting terdapat bangunan cantik saya sempat terpesona sayangnya saya tidak terlalu banyak mengabadikan bangunan sekitar taman srigunting
5.0,sangat terjaga kebersihannya ada banyak tempat sampah yang tersedia ada fasilitas pertokoan disekitar taman srigunting ini
5.0,tamanya asri banyak bunga berwarna warni berada di kawasan kota tua dan menjadi salah satu spot foto untuk wisatawan
4.0,tempatnya sejuk dan bersih enak banget buat nikmatin kota lama sambil duduk di tamannya karna posisinya juga pa di tengah
5.0,walaupun luas area taman sangat kecil suasananya sangat sejuk dan asri taman ini memiliki empat jalur khusus pejalan kaki dari sisi sisi yang berbeda terdapat area spot foto yang unik dan instagramable
5.0,tempatnya sangat asri banyak spot foto di sekitar dg gedung kuno dan sepeda
5.0,aku telah mengunjungi taman itu taman itu sangat indah pohon pohon yang megah menjadi atap teduh yang sejuk dan cantik serta taman itu memiliki spot foto yang unik becak becak dan sepeda sepeda jadul yang dihiasi dengan warna warna indah menambah kecantikan di foto anda serta lokasinya yang strategis dekat dengan cafe spigel gedung musium dan icon kota semarang gereja blenduk dan kota lama membuat perjalanan wisata anda terasa menyenangkan bahkan tidak akan terlupakan selamat menikmati
5.0,taman srigunting bagi para pelancong di kawasan kota lama semarang rasanya kurang lengkap jika belum berkunjung atau minimal berfoto di taman kecil ini terletak di tengah tengah kawasan kota lama taman ini tidak kalah menarik nya dengan bangunan tua disekitarmya kita bisa istirahat sembari mengobrol setelah berkeliling di kawasan kota lama disini banyak spot foto yang instagramable di taman ini ada juga persewaan sepeda ontel untuk berkeliling di sini bagi pelancong yang hobi jajan jangan pasti seneng sekali karena disekitar taman banyak sekali penjaja jajan snak atau makanan kecil
5.0,taman di tengah kota lama semarang tempatnya cukup sejuk banyak kursi juga di sini terdapat kran yang bisa langsung minum juga taman srigunting ini diapit oleh gereja dan juga cafe malam hari disini juga cukup bagus karena ada lampu lampu yang menerangi di sekitar taman banyak spot foto juga
5.0,dulunya sebelum jadi taman srigunting seperti yang kalian lihat skrg dulunya adalah areal pemakaman mau tau kelanjutannya silahkan kunjungi kota lama semarang dan sekitarnya
5.0,suasananya tamannya sejuk indah dan tertata rapi cocok untuk melihat suasana kota lama di taman srigunting dan juga di taman srigunting terdapat miniatur seperti becak sepeda dll untuk dijadikan berswafoto mantapp
5.0,untuk istirahat akhir pekan dan foto di sekitar kota lama
5.0,taman yg cukup asri di kota lama semarang keberadaan taman yg berdekatan dg bangunan bangunan tua menjadikannya kerap dijujugi oleh para pelancong yg hendak berswafoto dg latar taman dan gereja blenduk kebersihan taman cukup terjaga fasilitas penunjangnya pun bisa dibilang lengkap ada bangku bangku area bermain anak tempat dudukan dari batu papan indeks cuaca digital dan kran air siap minum hanya saja yg disebut terakhir kerap mengalami kerusakan jika akhir pekan tiba kompleks di sekitar taman bisa dipastikan akan dipenuhi oleh wisatawan mereka yg hanya berswafoto adakala taman ini juga kerap dijadikan tempat mengadem sembari melihati keelokan bangunan peninggalan kolonial
5.0,sore sore paling enak duduk santai di taman ini sih kota lama semarang bikin betah
5.0,taman nya sejuk enak dan pa dj pusat
5.0,ada satu lagi taman yang sering kali dijadikan tempat bersantai dan nongkrong di akhir pekan masyarakat semarang ya taman srigunting di sana selain untuk duduk duduk bersama orang tercinta bisa juga untuk menjajal jajanan khas bahkan makanan khas semarang di sekitar sana tempat wisata semarang ini terbilang cukup asri dan juga terjaga kebersihannya bahkan karena letaknya yang bersebelahan dengan gereja blenduk menjadikannya tempat dengan spot foto yang menarik
5.0,taman srigunting yg terletak di kawasan kota lama semarang bersebelahan dengan gereja blendhuk merupakan lahan hijau sangat cocok buat melepas lelah dibawah pohon yg rindang selain itu ada spot poto yg menarik utk diabadikan tempatnya bersih nyaman dan pastinya aman
5.0,taman sri gunting di dekatnya banyak cafe cafe spot foto dengan nuansa jaman dahulu banyak orang berlalu lalang mengenang bangunan jaman dulu bersih indah rapi unik ayo ke semarang
4.0,dua tahun lalu kesini areanya mirip kota tua ada banyak spot bagus buat kamu yang suka foto vintage terus juga ada becak dan sepeda jadul buat properti foto tinggal sumbang seikhlasnya dan di sekitar situ banyak toko barang antik kayak koin koin hingga elektronik jadul
4.0,di taman ini konon terdapat banyak makam sebelum kemudian dipindah ke ambarawa dan lokasinya dibangun taman kaum elit sering nongkrong di sini karena di sini dulunya adalah pusat keramaian dan perbelanjaan ada sebuah toko emas tua di semarang yang merupakan salah satu toko yang kerap di kunjungi orang orang kaya pada jaman itu lokasinya tidak jauh dari taman ini tepatnya di sebrang gedung musium sebuah bangunan dua lantai berteras yang berada tepat di depan gang saat kita hendak memasuki rumah akar
5.0,jalan ke taman
5.0,taman yang paling asik buat didatengin siang teduh malam pun rame
4.0,panas panas selfi di kota lama semarang
5.0,spot foto dekat gereja blenduk letak di taman persis banyak yg kesini tiap akhir pekan n bayar spot foto sukarela
5.0,tempatnya cocok buat nongkrong teduh karena banyak pohon rindangnya lebih asyik lagi ada iringan musik nya dari speaker di teman
5.0,public space ruang terbuka hijau yang cukup rindang utk sekedar beristirahat maupun foto foto
3.0,tempatnya bersih dan nyaman buat ngobrol santuy
5.0,tempat yang asik buat nongktong nyantai siang atupun malem
5.0,taman ini berada di kota lama semarangkalo malam selalu ramai
3.0,rame klo sore dan malam hari
5.0,tamannya kecee banget
5.0,tamannya rapi lengkap dengan cctv
4.0,taman di dekat gereja blenduk pusat berkumpulnya pengunjung di akhir pekan
5.0,seru untuk ngobrol tempat nyaman rekomend kalau malam hari siang panasss
5.0,aku pemandu wisata kota lama semarang yang juga menjadi pedagang di pasar antik semarang
